OBJECTID_1	Ssec_Code_	pop	Sum_BA	Mean_BH	far	Area
265	210101	63421	238163.000000000000000	46.439252336448597	11.85738	932762.08439199999
266	210102	352456	1636590.000000000000000	42.315032679738565	10.41501	6649285.04110999964
267	210103	32487	343956.000000000000000	45.754385964912281	8.583161	1833531.32371999999
268	210104	90373	453125.000000000000000	40.719626168224302	8.777119	2102179.75094000017
269	210105	4829	15482.000000000000000	36.733333333333334	3.896353	145958.38889000000
270	210106	21564	102858.000000000000000	47.255319148936174	11.49897	422697.76506900002
271	210107	41343	181820.000000000000000	41.345238095238095	10.58701	710058.27451999998
272	210108	22202	153162.000000000000000	46.647058823529413	12.39816	576259.49423099996
273	210109	3924	37899.000000000000000	37.866666666666667	5.049644	284199.96004799998
274	210201	15585	272129.000000000000000	45.991935483870968	11.43548	1094465.19377000001
275	210202	12473	245023.000000000000000	53.353982300884958	12.54879	1041770.08545999997
276	210203	68393	539784.000000000000000	48.799227799227801	11.88215	2216857.48945999984
277	210204	18286	322889.000000000000000	46.777777777777779	10.86221	1390511.92429000000
278	210205	21141	364585.000000000000000	48.837696335078533	10.55298	1687247.45910000009
279	210206	142601	788033.000000000000000	46.110817941952504	11.01831	3297860.66147999978
280	210301	14661	176794.000000000000000	46.553191489361701	9.711013	847524.87888199999
281	210302	27567	806268.000000000000000	47.939240506329114	11.26977	3429694.97564999992
282	210303	6614	194648.000000000000000	47.310679611650485	10.19659	903137.81016400002
283	210304	2284	41627.000000000000000	51.260869565217391	11.02597	193528.23163299999
284	210305	9459	153801.000000000000000	45.893333333333331	10.83931	651189.20269199996
285	210306	10341	210841.000000000000000	43.410256410256409	7.669487	1193386.43787000002
286	210401	80607	387070.000000000000000	42.315508021390372	9.299644	1761256.90185000002
287	210402	33898	354097.000000000000000	38.467592592592595	6.171511	2207119.12050000019
288	210403	4995	588806.000000000000000	44.485714285714288	6.766446	3871080.35307999980
289	210404	21816	198575.000000000000000	48.862745098039213	9.380342	1034388.77309999999
290	210405	18314	108765.000000000000000	49.053571428571431	9.452744	564419.32530200004
291	210406	31231	168002.000000000000000	43.752941176470586	9.945513	739085.22131499997
292	210407	27587	127652.000000000000000	41.306451612903224	8.728277	604111.31314300001
293	210408	39370	228456.000000000000000	44.817391304347829	10.35687	988600.38657700003
294	210409	6929	64563.000000000000000	41.971428571428568	9.310458	291049.17880400002
295	210410	14024	235892.000000000000000	40.140845070422536	4.624071	2047741.98334000004
296	210411	6952	117471.000000000000000	33.724409448818896	.8468996	4677815.77773999982
297	210501	21958	85253.000000000000000	36.299999999999997	8.544208	362196.71886399999
298	210502	184398	878149.000000000000000	42.858744394618832	8.504626	4425398.93945000041
299	210503	274629	1022330.000000000000000	48.243801652892564	11.5711	4262438.61804000009
300	210504	195324	859590.000000000000000	53.011904761904759	12.33807	3693326.25511999987
303	210505	90540	336644.000000000000000	48.207547169811320	11.84421	1370186.63271000003
304	211508	97787	845677.000000000000000	38.991379310344826	6.383239	5165733.52137999982
305	210507	193182	808208.000000000000000	45.634408602150536	11.57038	3187628.94754000008
306	210601	54603	793027.000000000000000	52.157622739018088	12.31084	3359837.08985000011
307	210602	39425	339405.000000000000000	44.835365853658537	10.78062	1411546.83431000006
308	210603	272038	1197840.000000000000000	49.577661431064570	11.91868	4982605.55439000018
309	210701	36484	323793.000000000000000	49.378881987577643	11.48162	1392532.75049000001
310	210702	215523	751227.000000000000000	50.874285714285712	12.57794	3038506.11451000022
311	210703	115332	1011449.000000000000000	49.638339920948617	11.35365	4422071.27902000025
312	210704	90328	916466.000000000000000	41.064638783269963	7.335182	5130663.09148999956
313	210801	18087	299572.000000000000000	38.972413793103449	9.266882	1259867.57401000010
314	210802	142590	4744788.000000000000000	42.923471130850700	3.715365	5.48163541605e+07
315	210803	54821	922592.000000000000000	40.463855421686745	8.277801	4509848.76814999990
316	210804	68946	1060696.000000000000000	38.882051282051279	6.887918	5987591.31065999996
317	210805	270748	1667840.000000000000000	51.215757575757578	12.01499	7109425.58169000037
318	210806	81812	644477.000000000000000	38.417613636363633	7.496902	3302599.81961000012
319	210807	22301	388973.000000000000000	35.179487179487182	5.162916	2650415.27437999984
320	210901	81947	1085433.000000000000000	36.064250411861615	4.128065	9482730.90629000030
321	210902	13191	499448.000000000000000	33.543026706231451	3.873143	4325426.84786000010
322	210903	24969	256764.000000000000000	33.832402234636874	1.300539	6679493.41157000046
323	210904	37253	601600.000000000000000	35.612987012987013	3.174598	6748814.97609999962
324	210905	43192	1956528.000000000000000	29.655352480417754	2.123421	2.73245485179e+07
325	210906	31247	757677.000000000000000	32.963235294117645	2.327309	1.07314870816e+07
326	210907	34419	822528.000000000000000	35.500963391136800	4.605825	6339913.72144000046
327	210908	34035	566068.000000000000000	34.585831062670302	2.505891	7812763.77113000024
328	210909	22728	329485.000000000000000	38.254545454545458	3.918677	3216467.75981000019
329	210910	22748	295692.000000000000000	35.850000000000001	1.321885	8019275.38595000003
330	210911	14392	312076.000000000000000	32.642857142857146	3.609893	2821982.06761999987
331	210912	7542	146652.000000000000000	34.390909090909091	4.513376	1117455.20995000005
332	211001	146724	1904616.000000000000000	41.097943192948087	5.973934	1.31028908007e+07
333	211002	12517	336338.000000000000000	39.988000000000000	3.885407	3461537.80759999994
334	211003	31606	528134.000000000000000	42.400630914826500	3.818694	5864103.08717000019
335	211101	85945	1608300.000000000000000	35.994035785288268	3.735563	1.54967843204e+07
336	211102	17988	428227.000000000000000	34.054347826086953	2.349732	6206235.36550000031
337	211103	41239	511631.000000000000000	30.959854014598541	3.105661	5100370.64068000019
338	211104	37270	1407065.000000000000000	31.535416666666666	2.016028	2.20098042904e+07
339	211105	23583	372151.000000000000000	39.162280701754383	2.138713	6814509.43573000003
340	211106	35680	495543.000000000000000	30.428571428571427	2.72328	5536949.25961000007
341	211107	24907	502065.000000000000000	33.010309278350519	1.989939	8328555.64905000012
342	211108	35134	601652.000000000000000	35.147783251231530	3.557266	5944659.63049000036
343	211109	11905	255803.000000000000000	39.894039735099341	4.60253	2217262.36939000012
344	211110	19258	346176.000000000000000	26.888000000000002	1.680485	5538865.39816999994
345	211111	23812	617844.000000000000000	26.771844660194176	1.100986	1.50236389278e+07
346	211112	24343	532913.000000000000000	37.962566844919785	2.501755	8086622.76210999954
347	211113	50218	1824544.000000000000000	36.278087649402387	2.413493	2.74253787548e+07
348	211114	4371	102836.000000000000000	37.476744186046510	1.176362	3276166.51998999994
349	211115	20215	352088.000000000000000	27.032921810699587	1.704343	5584538.50219000038
350	211116	29222	1101085.000000000000000	25.998552821997105	2.793941	1.02459637116e+07
351	211117	5349	192423.000000000000000	21.894736842105264	.3506528	1.20148783974e+07
352	211118	34139	1066291.000000000000000	35.075928917609048	4.273584	8751705.42248000018
353	211119	12555	419477.000000000000000	22.116438356164384	1.192108	7782293.29552000016
354	211201	43331	738748.000000000000000	27.809330628803245	1.7925	1.14611359140e+07
355	211202	2832	56920.000000000000000	23.524999999999999	.9078752	1474919.64778000000
356	211203	11904	202158.000000000000000	24.688405797101449	.3982679	1.25316620709e+07
357	211204	8276	143571.000000000000000	24.028571428571428	.4310901	8002516.67932000011
358	211205	18931	442498.000000000000000	21.534759358288770	1.212185	7861086.41497000027
359	211206	9435	103241.000000000000000	23.310344827586206	4.077647	590189.18583400000
360	211207	8584	152424.000000000000000	22.844961240310077	1.083845	3212748.98742000014
361	211208	19733	268505.000000000000000	21.477157360406093	.478618	1.20486996929e+07
362	211209	15104	338079.000000000000000	21.535714285714285	.3755657	1.93861497776e+07
363	211210	3730	97443.000000000000000	21.638554216867469	.4552875	4631196.27142000012
364	211211	28809	415682.000000000000000	23.286184210526315	.9064463	1.06786772831e+07
365	211212	10857	203833.000000000000000	23.519083969465647	1.057007	4535415.98010999989
366	211213	10117	254373.000000000000000	23.349206349206348	.3829846	1.55082160849e+07
367	211214	22238	351381.000000000000000	24.804166666666667	1.089832	7997302.45246999990
368	211215	13526	111468.000000000000000	29.338983050847457	5.897994	554486.46632100001
369	211216	6293	106051.000000000000000	22.208791208791208	.3979053	5919158.21690000035
370	211217	13375	177944.000000000000000	22.288288288288289	.5924905	6693891.66557999980
371	211218	8063	139069.000000000000000	23.252525252525253	1.013895	3189387.80291000009
372	211219	14254	195033.000000000000000	22.901515151515152	.8856285	5043368.60159999970
373	211220	29522	505296.000000000000000	24.832386363636363	.4996792	2.51115203472e+07
374	211221	16128	315902.000000000000000	20.602409638554217	.7802767	8341070.11175000016
375	211222	15340	257570.000000000000000	26.181395348837210	.8583544	7856360.27175000031
376	211223	18947	356965.000000000000000	22.850909090909092	.3187464	2.55908017428e+07
377	211224	12048	277823.000000000000000	23.335000000000001	.6616274	9798565.93699000031
378	211225	5120	106050.000000000000000	22.653846153846153	.4268074	5628862.50518000033
379	211226	18141	395377.000000000000000	22.201413427561839	.6376052	1.37670279043e+07
380	211227	10563	236573.000000000000000	25.979274611398964	1.851353	3319732.31952999998
381	211228	6456	113513.000000000000000	24.857142857142858	1.586178	1778872.24661000003
382	211229	7656	63469.000000000000000	21.170731707317074	.3621423	3710378.81662999978
383	211230	11534	192899.000000000000000	25.710526315789473	1.160679	4272960.35809999984
384	211231	7582	128738.000000000000000	24.871794871794872	2.384194	1342988.75790000008
385	211232	7285	135520.000000000000000	20.613636363636363	.3262532	8562552.77779999934
386	211233	5159	109842.000000000000000	22.266666666666666	1.160098	2108283.34646000015
387	211234	14505	233765.000000000000000	26.649350649350648	1.127564	5524904.82727999985
388	211235	2238	18564.000000000000000	18.533333333333335	.1111299	3095950.96476999996
389	211238	9345	147673.000000000000000	24.891666666666666	1.251497	2937144.51671000011
390	211239	14643	262290.000000000000000	20.325842696629213	.6695252	7962754.85790999979
391	211301	58221	1829307.000000000000000	20.180301826846705	1.148327	3.21476168105e+07
392	211302	14161	545043.000000000000000	17.135135135135137	.1954824	4.77761050391e+07
393	211303	21186	466174.000000000000000	25.126934984520123	1.54053	7603566.67382000014
394	211304	18475	302815.000000000000000	20.267281105990783	.8698648	7055391.32935999986
395	211305	18515	293734.000000000000000	20.951612903225808	.3708201	1.65961901941e+07
396	211306	4593	124363.000000000000000	15.912087912087912	.6012825	3291090.02791999979
397	211307	29645	1488727.000000000000000	15.698744769874477	.260346	8.97695503765e+07
398	211308	23187	3165165.000000000000000	15.825010490977759	.4550063	1.10083681025e+08
399	211310	26405	409250.000000000000000	21.257425742574256	.7622801	1.14126050384e+07
400	211311	20877	1293010.000000000000000	17.260504201680671	2.495856	8942024.66117000021
401	211312	12628	293604.000000000000000	20.526119402985074	.3582136	1.68239016600e+07
402	211313	20141	446885.000000000000000	16.132075471698112	.0951102	7.57981726434e+07
403	211314	7634	115357.000000000000000	14.495726495726496	.0664139	2.51782261366e+07
404	211315	7436	132586.000000000000000	21.301075268817204	1.437266	1964998.29447999992
405	211316	23543	1218226.000000000000000	15.660751565762004	.5104217	3.73775919731e+07
406	211317	11372	180497.000000000000000	21.933774834437084	.4414641	8967841.84232000075
407	211318	23440	868878.000000000000000	14.789473684210526	.2534448	5.07023654876e+07
408	211319	15286	453903.000000000000000	17.602484472049689	1.072448	7450079.84680000041
409	211320	7863	279202.000000000000000	14.506250000000000	2.183789	1854654.02373000002
410	211321	5492	53119.000000000000000	19.775510204081634	.4705202	2232540.44712000014
411	211401	25494	275864.000000000000000	24.130434782608695	2.573824	2586314.47181000002
412	211402	45169	824295.000000000000000	21.292531120331951	.5565392	3.15365531420e+07
413	211403	10847	258431.000000000000000	26.480000000000000	3.468193	1973146.50326999999
414	211404	5399	79522.000000000000000	25.964912280701753	.6352575	3250306.50395999989
415	211405	11685	204270.000000000000000	23.833333333333332	.6172372	7887461.74957999960
416	211406	10177	245268.000000000000000	23.603773584905660	1.075668	5382005.31701000035
417	211407	2716	65965.000000000000000	21.821428571428573	1.190732	1208878.99520000000
418	211408	7880	159307.000000000000000	20.300000000000001	.8962997	3608092.46285999985
419	211409	35879	1150858.000000000000000	19.719492868462758	.7979832	2.84396151205e+07
420	211410	42699	500576.000000000000000	23.424561403508772	1.492153	7858293.68288999982
421	211411	12301	765046.000000000000000	20.553119730185497	.5621682	2.79704206006e+07
422	211412	6131	279809.000000000000000	12.794258373205741	.1676253	2.13568474201e+07
423	211413	4666	83618.000000000000000	17.576086956521738	.080264	1.83105353704e+07
424	211414	3406	62496.000000000000000	15.228070175438596	.0975477	9756187.70992000028
425	211415	37557	501793.000000000000000	26.934027777777779	1.500786	9005483.95485999994
426	211416	19856	884282.000000000000000	14.219607843137254	.3929124	3.20024103510e+07
427	211417	5821	92311.000000000000000	20.816666666666666	.9589174	2003934.13868999993
428	211418	7698	85951.000000000000000	26.449999999999999	1.799849	1263107.99072999996
429	211419	23619	460563.000000000000000	16.000000000000000	.3754725	1.96259584650e+07
430	211420	20343	530611.000000000000000	14.854447439353100	.1321628	5.96380697318e+07
431	211421	8345	136949.000000000000000	24.205882352941178	.9380749	3533802.33979000011
432	211422	14789	244021.000000000000000	25.800000000000001	1.187403	5302111.76095999964
433	211423	5816	93263.000000000000000	27.137499999999999	.3620206	6991107.45643000025
434	211501	130196	2607991.000000000000000	30.324080051646224	4.009147	1.97261213155e+07
435	211502	80208	1843888.000000000000000	29.811216429699844	2.427336	2.26456276302e+07
436	211503	34688	479631.000000000000000	36.492366412213741	5.065034	3455627.22081999993
437	211504	31741	10558486.000000000000000	21.017506098435931	.4211346	5.26940961699e+08
438	211505	21733	501332.000000000000000	31.419558359621451	2.699437	5835154.38676000014
439	211506	18870	442902.000000000000000	26.639639639639640	.8956545	1.31733266790e+07
440	211507	32370	1174055.000000000000000	22.693317422434369	1.857484	1.43437056999e+07
441	211601	89114	743853.000000000000000	34.176744186046513	1.542647	1.64797692689e+07
442	211602	58629	805836.000000000000000	34.534446764091861	4.673872	5954185.86326999962
443	211603	45341	482183.000000000000000	32.423948220064723	1.358292	1.15102516941e+07
444	211604	26441	299781.000000000000000	33.669683257918550	1.468337	6874125.32971999981
445	211605	45406	478370.000000000000000	32.931547619047620	1.555934	1.01247642114e+07
446	211606	61471	591402.000000000000000	31.637168141592920	2.001348	9348838.85428000055
447	211607	9259	82682.000000000000000	33.906976744186046	6.495467	431608.16497099999
448	211608	29143	529211.000000000000000	34.978260869565219	4.206543	4400496.59439999983
449	211609	13376	212104.000000000000000	28.966887417218544	1.415326	4341042.64940000046
450	211610	4599	174906.000000000000000	31.911949685534591	1.258506	4435093.39996999968
451	211701	421901	1555106.000000000000000	44.423999999999999	9.065928	7620183.36933999974
452	211702	41662	824065.000000000000000	35.721247563352826	4.344544	6775539.00258000009
453	211703	204302	1373756.000000000000000	39.407456724367513	6.256976	8652140.36182999983
454	211704	30881	124980.000000000000000	36.682170542635660	.4851752	9449242.24891999923
455	211705	23337	423985.000000000000000	34.287313432835823	3.626042	4009138.91957999999
456	211801	18153	255741.000000000000000	39.838709677419352	4.966669	2051353.12030000007
457	211802	25792	728446.000000000000000	17.807625649913344	.0547316	2.37009083255e+08
458	211803	11867	210562.000000000000000	29.647959183673468	.6162492	1.01302099961e+07
459	211804	18070	269738.000000000000000	26.053475935828878	1.216852	5775238.19063000008
460	211805	17242	147109.000000000000000	34.086956521739133	5.050613	992849.34125399997
461	211806	6933	184631.000000000000000	21.414814814814815	.6923513	5710740.69644999970
462	211807	9959	336841.000000000000000	26.476868327402133	1.704939	5230975.51702000014
463	211808	24420	400719.000000000000000	22.468634686346864	.9863652	9128068.00227000006
464	211809	7068	108502.000000000000000	25.314285714285713	3.716178	739106.38604500005
465	211810	14057	270947.000000000000000	21.654411764705884	.1758498	3.33648245707e+07
466	211811	21499	185261.000000000000000	33.495934959349590	3.431382	1808452.17934000003
467	211812	62545	3098094.000000000000000	19.283646888567294	1.689917	3.53523586989e+07
468	211813	33703	464432.000000000000000	23.358662613981764	.9162362	1.18402981771e+07
469	211814	23898	943270.000000000000000	20.120279720279719	1.2961	1.46430473757e+07
470	211815	16914	471208.000000000000000	22.729437229437231	.0500263	2.14093419638e+08
471	211816	37260	488355.000000000000000	21.316129032258065	1.629612	6387924.13709000032
472	211817	22450	176704.000000000000000	22.429487179487179	.4124702	9608889.27085000090
473	211818	27712	455888.000000000000000	23.577981651376145	1.418426	7578060.38074999955
474	211819	10992	144093.000000000000000	21.075268817204300	.503001	6037360.63932999969
475	211820	5300	81438.000000000000000	21.753424657534246	.5822943	3042371.07922000019
476	211821	20169	675776.000000000000000	21.643010752688173	1.24472	1.17502918657e+07
477	211822	8379	529882.000000000000000	19.671018276762403	1.983293	5255562.20213999972
478	211823	28829	568176.000000000000000	24.742705570291776	1.986148	7078130.52080999967
479	211824	39692	797219.000000000000000	27.516733601070950	.6099123	3.59672400636e+07
480	211825	2609	373373.000000000000000	20.403076923076924	1.06232	7171056.06427999958
481	211901	90699	8762180.000000000000000	26.871296296296297	3.238022	7.27144956946e+07
482	212001	11866	715965.000000000000000	41.224390243902441	6.960545	4240360.39652999956
483	212002	15514	680543.000000000000000	48.891008174386918	8.139028	4088010.76665000012
484	212003	15720	560264.000000000000000	41.840764331210188	6.537228	3585904.41690000007
485	212004	8043	496959.000000000000000	35.438538205980066	1.358714	1.29618909132e+07
486	212005	15861	447641.000000000000000	42.576000000000001	1.853649	1.02817531515e+07
487	212007	5012	1134670.000000000000000	34.258620689655174	2.117201	1.83601962571e+07
488	212008	5699	2107789.000000000000000	28.464060529634299	.8593721	6.98140314159e+07
489	212009	2259	797760.000000000000000	21.434859154929576	1.885538	9068964.53075999953
490	212010	13022	2364925.000000000000000	31.140206185567010	2.187503	3.36658919339e+07
491	212101	19742	626263.000000000000000	44.930939226519335	7.102394	3961845.09981000004
492	212102	27905	803786.000000000000000	37.515418502202643	5.301311	5688096.52376000024
493	212103	63419	8745400.000000000000000	26.592810722989441	1.815388	1.28107455638e+08
494	212104	25792	625956.000000000000000	38.476744186046510	1.978976	1.21703095609e+07
495	212105	38443	914229.000000000000000	35.650763358778626	2.303951	1.41465512572e+07
496	212106	21072	427999.000000000000000	34.922330097087375	8.237322	1814512.37853999995
505	212301	14367	149722.000000000000000	53.407407407407405	3.379737	2365942.91941000009
506	212302	4229	46775.000000000000000	26.819672131147541	.0544595	2.30352706391e+07
507	212303	922	4687.000000000000000	12.794258373205741	.0031172	1.08322370768e+07
508	212304	183	4687.000000000000000	12.794258373205741	.0031172	4309774.77409000043
509	212305	28615	1617032.000000000000000	30.998206278026906	1.320708	3.79531877631e+07
510	212306	1267	8990.000000000000000	24.083333333333332	.0480249	4508269.68895999994
511	212307	405	5010.000000000000000	38.000000000000000	.0234169	8130029.98168999981
512	212308	3792	170851.000000000000000	22.975308641975310	.1638007	2.39642102273e+07
513	212309	4445	261985.000000000000000	40.935849056603772	.7544218	1.42156252323e+07
514	212310	1260	77828.000000000000000	35.674157303370784	.0112512	2.46769389319e+08
794	211236	4283	83251.000000000000000	23.630769230769232	.9756064	2016474.25239000004
803	212006	16	49189.000000000000000	15.139534883720930	.5460523	1363786.30172000010
2056	220811	13369	253418.000000000000000	20.005524861878452	.1155582	4.38719311866e+07
2062	220822	8435	80176.000000000000000	25.500000000000000	1.832246	1115837.15709999995
2065	220804	33043	323570.000000000000000	23.623809523809523	.6298065	1.21369925403e+07
2075	220828	11183	216591.000000000000000	22.157068062827225	.3296397	1.45583860641e+07
2266	220821	16417	248536.000000000000000	25.528409090909090	.9181637	6910237.30929999985
3078	130612	3776	65844.000000000000000	28.553191489361701	.5822577	3228907.82954999991
3080	130615	12806	177940.000000000000000	24.455284552845530	.5365635	8110081.70191000029
3082	130603	4411	46251.000000000000000	24.419354838709676	.2839876	3977003.91922000004
3083	130614	2065	15735.000000000000000	21.533333333333335	.2154765	1572454.85687000002
3084	130610	5501	77981.000000000000000	24.526315789473685	.3405304	5616492.84334000014
3087	130608	31041	490015.000000000000000	27.851393188854487	1.275365	1.07009377605e+07
3346	130512	18101	281102.000000000000000	26.487684729064039	.7767957	9585198.26737000048
3347	130513	42334	696076.000000000000000	26.295081967213115	1.082665	1.69058487787e+07
3349	130515	6213	81134.000000000000000	24.259259259259260	.5098863	3860175.37422000011
3351	130517	5573	79656.000000000000000	27.062500000000000	.6624801	3253970.44022999983
3352	130518	7729	124871.000000000000000	27.125000000000000	.7583185	4466626.82285999972
3357	130523	15999	176374.000000000000000	25.863095238095237	.3723281	1.22515005759e+07
3370	130537	3103	57171.000000000000000	27.785714285714285	1.242855	1278135.65057999990
3371	130538	8118	165089.000000000000000	23.705357142857142	.6564119	5961947.96435000002
3372	130539	5348	74960.000000000000000	26.418181818181818	.8796481	2251249.09214999992
3377	130544	5948	120068.000000000000000	24.101265822784811	1.412329	2048949.04180000001
3380	130547	2049	44192.000000000000000	22.790697674418606	.8057778	1249930.79325000010
3395	130563	5499	121916.000000000000000	24.076086956521738	.942645	3113855.60729999980
3398	130566	1675	23639.000000000000000	26.100000000000001	.2676015	2305584.88499000017
3401	130569	3931	75798.000000000000000	25.196428571428573	1.051057	1817064.73249999993
3580	130332	23300	363596.000000000000000	27.612068965517242	1.016038	9881167.98940999992
3591	130343	7448	137598.000000000000000	28.988888888888887	.793608	5026175.72884999961
4127	120603	4919	78367.000000000000000	28.229508196721312	.5076185	4358119.30893999990
4130	120606	8633	185077.000000000000000	24.866666666666667	.5379698	8554844.00847000070
4152	120628	6532	107281.000000000000000	29.701492537313431	.6618997	4814031.36349999998
4158	120635	707	10597.000000000000000	21.399999999999999	.9095703	249321.88977600000
4170	120647	5291	146776.000000000000000	23.213675213675213	1.062879	3205643.24554000003
4176	120653	12775	265362.000000000000000	22.420212765957448	.9449979	6295752.17839000002
4604	140536	7322	139451.000000000000000	29.017857142857142	1.568226	2580349.10203999979
4605	140537	5450	119348.000000000000000	28.204301075268816	1.410216	2386958.26489999983
4606	140538	4190	50556.000000000000000	32.852941176470587	.7202422	2306048.25106000016
4607	140539	5019	60192.000000000000000	30.282608695652176	.3004987	6065818.55853000004
4608	140540	4774	78050.000000000000000	34.166666666666664	2.803679	951146.11743400001
4609	140541	14654	300053.000000000000000	28.184079601990049	2.575503	3283520.73614000017
4610	140542	12005	261692.000000000000000	25.701421800947866	.8762986	7675302.29122000001
4611	140544	37905	588231.000000000000000	28.992443324937028	.9382228	1.81771900581e+07
4612	140545	5933	127581.000000000000000	34.333333333333336	1.436609	3049041.73028999986
4613	140546	6007	93849.000000000000000	24.893939393939394	.5261232	4440539.94493999984
4614	140547	25378	579011.000000000000000	22.953216374269005	1.396521	9516623.20227999985
4615	140548	13566	209021.000000000000000	25.575581395348838	.6179935	8650307.23495000042
4616	140549	2506	40022.000000000000000	26.545454545454547	.8757855	1213084.90935000009
4617	140601	33920	767314.000000000000000	24.405959031657357	1.068727	1.75227500477e+07
4618	140602	7003	191151.000000000000000	20.656626506024097	1.893903	2084866.17821999989
4619	140603	6800	128923.000000000000000	28.821052631578947	2.371001	1567142.84073999990
4620	140701	78254	2250667.000000000000000	33.450000000000003	3.329208	2.26134286615e+07
4621	140702	83721	1286351.000000000000000	33.020075282308660	2.170394	1.95703678712e+07
4622	140703	17078	321120.000000000000000	27.072649572649574	1.00096	8685231.93686999939
4623	140704	9970	151722.000000000000000	30.271929824561404	1.147411	4002852.57880999986
4624	140101	106409	1340390.000000000000000	36.666666666666664	6.070574	8096043.21361999959
4625	140201	64247	934981.000000000000000	40.810897435897438	5.52289	6908957.49942999985
4626	140301	33085	456587.000000000000000	31.041791044776119	1.571252	9020372.54862999916
4627	140302	28962	473362.000000000000000	27.978978978978979	1.480974	8942886.74520999938
4628	140303	13862	291564.000000000000000	26.580357142857142	1.030239	7522401.61182000022
4629	140304	5630	121853.000000000000000	35.911764705882355	1.564636	2796788.33638000023
4630	140305	24871	322790.000000000000000	35.947136563876654	1.704652	6806889.95172000024
4631	140306	20979	494307.000000000000000	22.498575498575498	1.33583	8325311.79164000042
4632	140307	15151	308522.000000000000000	26.584415584415584	1.761802	4655391.43470000010
4633	140308	13145	244094.000000000000000	28.911111111111111	.8054979	8761076.98884000070
4634	140309	13715	245884.000000000000000	30.432291666666668	.6942568	1.07781632259e+07
4635	140310	9688	201698.000000000000000	31.541401273885349	1.215384	5234425.96002999973
4636	140312	15162	274117.000000000000000	30.606060606060606	.8233216	1.01899929095e+07
4637	140313	5563	95391.000000000000000	26.972222222222221	.6176578	4165587.07581999991
4638	140314	5491	125260.000000000000000	26.846938775510203	1.21934	2757924.93819000013
4639	140315	4658	38025.000000000000000	31.419354838709676	.3892419	3069353.76629999978
4640	140316	5229	164822.000000000000000	21.143884892086330	.7929707	4394837.78094999958
4641	140317	22408	244365.000000000000000	34.147928994082839	2.464919	3385327.25264000008
4642	140318	3135	32696.000000000000000	32.500000000000000	1.079083	984743.35077300004
4643	140319	3531	87033.000000000000000	21.847058823529412	.5110549	3720569.26707000006
4644	140320	5699	108372.000000000000000	24.940298507462686	1.535529	1760195.06321999989
4645	140321	8097	200102.000000000000000	23.898648648648649	1.206438	3963874.22514000023
4646	140322	9806	176652.000000000000000	25.918699186991869	.7921534	5779928.93659999967
4647	140323	5664	118316.000000000000000	31.427083333333332	.9249449	4020052.05978999985
4648	140324	6210	193681.000000000000000	22.430769230769229	.6820724	6369432.06183000002
4649	140325	3902	55302.000000000000000	33.340000000000003	.6132824	3006394.36263999995
4650	140326	5264	155704.000000000000000	31.827272727272728	1.655523	2993393.98560999986
4651	140327	7143	150768.000000000000000	26.762376237623762	1.398067	2886064.13120000018
4652	140328	4224	114915.000000000000000	31.723404255319149	.9157876	3980721.29306000005
4653	140329	8040	119746.000000000000000	27.835616438356166	1.469636	2268046.56919999979
4654	140330	7154	135735.000000000000000	33.058823529411768	.7646511	5868349.30112999957
4655	140331	28948	419994.000000000000000	25.212765957446809	.8940284	1.18443778325e+07
4656	140333	9742	196344.000000000000000	19.764423076923077	.3773153	1.02848343707e+07
4657	140334	18243	300278.000000000000000	25.530075187969924	.9987999	7675331.42535999976
4658	140335	8876	148005.000000000000000	25.923076923076923	.9732813	3942071.85959000001
4659	140336	14519	312255.000000000000000	27.704035874439462	1.711895	5053301.53483999986
4660	140337	7206	115362.000000000000000	29.070000000000000	1.71655	1953670.94380000001
4661	140338	13091	392329.000000000000000	28.524844720496894	1.612666	6939516.26994000003
4662	140339	10684	152116.000000000000000	27.080808080808080	1.068311	3856017.09765999997
4663	140340	17919	241448.000000000000000	32.153110047846887	1.879037	4131533.80035000015
4664	140341	5669	49642.000000000000000	26.206349206349206	.2286333	5690052.35355999973
4665	140401	28979	667182.000000000000000	30.000000000000000	2.892822	6919007.81905000005
4666	140402	16941	312697.000000000000000	27.214876033057852	1.576289	5398762.87765999977
4667	140403	12230	178140.000000000000000	28.000000000000000	1.932392	2581215.67134999996
4668	140404	5698	147291.000000000000000	28.462264150943398	1.000214	4191338.94323999994
4669	140405	11608	154655.000000000000000	24.171779141104295	.6281571	5951197.09210999962
4670	140406	3534	68791.000000000000000	27.267605633802816	.5785416	3242231.57238999987
4671	140407	11145	258604.000000000000000	21.742718446601941	1.163103	4834269.20388999954
4672	140408	12629	292389.000000000000000	24.863436123348016	1.394913	5211648.10302000027
4673	140409	5881	155646.000000000000000	24.057851239669422	.8330939	4494701.32500000019
4674	140410	11063	198111.000000000000000	24.469387755102041	.8384504	5781683.91308999993
4675	140411	3267	59481.000000000000000	26.829787234042552	.5398111	2956335.27663999982
4676	140412	6308	103480.000000000000000	24.100000000000001	.6900617	3613978.23265000014
4677	140413	8395	172924.000000000000000	27.106060606060606	.9065624	5170397.65395999979
4678	140414	6106	199117.000000000000000	25.981366459627328	.9622687	5376182.28720000014
4679	140415	384	6550.000000000000000	22.100000000000001	.1937895	746970.39575400006
4680	140416	12474	222978.000000000000000	28.299319727891156	1.237282	5099989.26264000032
4681	140417	1344	23442.000000000000000	21.321428571428573	.3703071	1349736.43365000002
4682	140418	6192	106821.000000000000000	27.733333333333334	1.078395	2747139.56560999993
4683	140419	4006	53248.000000000000000	24.250000000000000	.4375191	2951331.44842999987
4684	140420	5847	131162.000000000000000	27.061403508771932	1.235081	2873842.30651000002
4685	140421	4469	114908.000000000000000	24.117647058823529	1.00853	2747869.84799000015
4686	140422	3620	97125.000000000000000	26.428571428571427	1.318704	1946513.48439999996
4687	140501	49247	706131.000000000000000	35.351162790697671	3.031541	8234278.45748999994
4688	140502	9794	273417.000000000000000	22.680701754385964	.4393359	1.41151424303e+07
4689	140503	38413	577621.000000000000000	29.317307692307693	1.319112	1.28376429577e+07
4690	140504	4068	86011.000000000000000	31.064102564102566	.6405002	4171512.40713000018
4691	140505	13262	190976.000000000000000	31.918367346938776	.964179	6322106.39369000029
4692	140506	5944	85437.000000000000000	27.122807017543860	1.153368	2009152.60106000002
4693	140507	26058	501584.000000000000000	23.959501557632400	1.58778	7568872.66411000025
4694	140508	9200	207854.000000000000000	30.155555555555555	.8280994	7569082.74024000019
4695	140509	7835	244346.000000000000000	30.175879396984925	2.025708	3639891.13185000001
4696	140510	4764	70907.000000000000000	28.955223880597014	.5241914	3916752.73094000015
4697	140511	5724	174010.000000000000000	30.438848920863311	1.676854	3158691.14629000006
4698	140512	8334	175303.000000000000000	30.143999999999998	1.715118	3081032.79755999986
4699	140513	31606	549491.000000000000000	30.121951219512194	2.247933	7363092.19141000044
4700	140514	3838	74637.000000000000000	24.157142857142858	.5062386	3561594.57480000006
4701	140515	9093	141510.000000000000000	25.154545454545456	.4951408	7189106.54188000038
4702	140516	26578	437524.000000000000000	30.196610169491525	1.719146	7685059.55286999978
4703	140517	4361	61925.000000000000000	26.304347826086957	2.948096	552524.93715400004
4704	140518	5927	92883.000000000000000	33.940298507462686	1.171831	2690214.97030999977
4705	140519	20716	368355.000000000000000	33.663755458515283	1.76822	7012820.82015000004
4706	140520	9874	223344.000000000000000	26.310975609756099	.949858	6186607.59423999954
4707	140521	6805	77522.000000000000000	30.355263157894736	.6335447	3714340.04302000022
4708	140522	2917	55566.000000000000000	23.000000000000000	.385029	3319276.80838999990
4709	140523	4906	98282.000000000000000	30.305555555555557	1.758563	1693707.12740999996
4710	140524	13113	191675.000000000000000	31.570512820512821	.8308956	7282838.10436000023
4711	140525	13646	216736.000000000000000	25.748344370860927	.7066027	7897781.04777000006
4712	140526	9109	105656.000000000000000	20.789999999999999	.316099	6949052.72284999955
4713	140527	13227	225732.000000000000000	27.136645962732921	1.288634	4753569.04855000041
4714	140528	19686	342804.000000000000000	29.877622377622377	.8857304	1.15635274874e+07
4715	140529	6362	130658.000000000000000	20.970873786407768	.5016823	5461648.14965999965
4716	140530	7120	41235.000000000000000	27.090909090909090	.3772722	2960975.00363000017
4717	140531	15168	261047.000000000000000	26.755868544600940	.5546829	1.25919492849e+07
4718	140532	8947	259827.000000000000000	29.398009950248756	1.669178	4576141.33782000002
4719	140705	34982	413205.000000000000000	27.917695473251030	1.461999	7890382.50930000003
4720	140706	33370	564143.000000000000000	35.441340782122907	3.796676	5266181.60214999970
4721	140707	3952	54728.000000000000000	27.979166666666668	.886063	1728143.26823000005
4722	140708	28910	501426.000000000000000	27.641711229946523	1.199004	1.15598250321e+07
4723	140710	15149	228887.000000000000000	30.823129251700681	1.31915	5348151.85219999962
4724	140711	17185	347379.000000000000000	29.175572519083971	.6243054	1.62340110123e+07
4725	140712	16605	389307.000000000000000	25.349854227405249	.846895	1.16530095129e+07
4726	140713	32010	380819.000000000000000	32.867768595041319	2.888422	4333394.26140000019
4727	140714	19419	297029.000000000000000	26.475555555555555	.7753334	1.01427434256e+07
4728	140715	14868	197339.000000000000000	30.000000000000000	1.271481	4656119.88427999988
4729	140716	17854	298510.000000000000000	30.675675675675677	1.682175	5443546.83430000022
4730	140717	6929	186424.000000000000000	35.075000000000003	4.376694	1494009.36612999998
4731	140718	2604	66865.000000000000000	25.032786885245901	1.28097	1306680.04258999997
4732	140801	146430	2647893.000000000000000	34.187176165803109	3.388009	2.67189361701e+07
4733	140901	24317	360182.000000000000000	25.131687242798353	.9415249	9614171.03990999982
4734	140902	8108	420198.000000000000000	26.058593750000000	2.250721	4865006.25265000015
4735	140903	22665	415431.000000000000000	23.512635379061372	1.335518	7313926.42884999979
4736	140904	8485	146195.000000000000000	26.581196581196583	.8515463	4563507.70677999966
4737	140905	39280	748004.000000000000000	24.418410041841003	1.996355	9149210.76562999934
4738	140906	12494	299022.000000000000000	29.135135135135137	1.708394	5099553.42980000004
4739	140907	19452	508061.000000000000000	21.733542319749215	2.313002	4773867.18525000010
4740	140908	41675	683611.000000000000000	28.711155378486055	1.140611	1.72076806681e+07
4741	140909	20820	325553.000000000000000	32.420634920634917	.8477457	1.24502366134e+07
4742	140910	48948	669589.000000000000000	29.083950617283950	1.247829	1.56065371439e+07
4743	140911	33936	592663.000000000000000	32.681818181818180	2.045342	9469956.87947000004
4744	140912	9806	180448.000000000000000	31.815789473684209	3.397965	1689568.70692000003
4745	140913	16957	314824.000000000000000	26.066350710900473	1.345143	6100700.47945000045
4746	140914	36852	580213.000000000000000	27.947229551451187	1.905009	8511953.79326999933
4747	140915	125155	475217.000000000000000	44.585470085470085	9.625813	2201140.99654000020
4748	140916	38185	694086.000000000000000	32.711590296495956	5.97143	3802214.12905000011
4749	140917	40931	397414.000000000000000	42.239795918367349	9.724757	1726180.43075000006
4750	140918	11249	634792.000000000000000	38.185074626865671	5.726667	4232754.83497000020
4751	141001	20175	444175.000000000000000	40.213973799126634	7.313922	2442197.30114000011
4752	141002	435076	2180450.000000000000000	44.055724417426546	10.42048	9218511.97083999962
4753	141003	26685	481256.000000000000000	38.371428571428574	8.930546	2067788.62091999990
4754	141101	545540	3373544.000000000000000	36.349273607748181	7.748971	1.58247959994e+07
4755	141102	134038	2543493.000000000000000	30.942322681215899	6.609592	1.19071765379e+07
4756	141201	457852	2257977.000000000000000	43.884947267497601	10.96144	9039980.08369999938
4757	141302	23634	340277.000000000000000	31.184684684684683	1.1489	9236167.79638000019
4758	141303	11722	247903.000000000000000	25.193548387096776	1.356473	4604259.70277000032
4759	141304	3444	114931.000000000000000	25.882352941176471	2.863671	1038766.20933999994
4760	141305	4253	61856.000000000000000	22.769230769230770	.3348819	4205701.77266000025
4761	141306	6599	90064.000000000000000	27.967741935483872	.7268801	3465340.05242000008
4762	141307	8816	199328.000000000000000	23.655844155844157	.5649624	8346169.22974000033
4763	141309	14576	138890.000000000000000	31.831168831168831	.933455	4736201.76692000031
4764	141310	8640	112612.000000000000000	23.053333333333335	1.002896	2588586.51071000006
4765	141311	20087	434857.000000000000000	24.587786259541986	2.523401	4237205.82567999978
4766	141312	8697	163926.000000000000000	21.114503816793892	.3829974	9037178.57880000025
4767	141314	18505	201465.000000000000000	28.745614035087719	1.021815	5667595.93195000011
4768	141316	15859	244485.000000000000000	25.464705882352941	1.079457	5767470.28968000039
4769	141317	28785	477885.000000000000000	31.131205673758867	2.724839	5459822.43178000022
4770	141318	9353	164643.000000000000000	23.500000000000000	.6418569	6027995.64400000032
4771	141319	6147	57106.000000000000000	24.977777777777778	.5256377	2713620.17205000017
4772	141320	9937	181623.000000000000000	27.032608695652176	3.51893	1395237.72475999990
4773	141321	12851	148654.000000000000000	26.925531914893618	2.780644	1439446.61003000010
4774	141322	7662	94352.000000000000000	27.139784946236560	.5711418	4483462.43486000039
4775	141323	13455	283235.000000000000000	22.868852459016395	1.37384	4714710.95968000032
4776	141324	5050	67893.000000000000000	20.044117647058822	.3116753	4366259.76685999986
4777	141325	7869	59534.000000000000000	25.276315789473685	.2152026	6992482.32330999989
4778	141326	4401	88779.000000000000000	27.461538461538460	.6011825	4055354.55512000015
4779	141327	6915	105802.000000000000000	30.692307692307693	1.958759	1657839.03224000009
4780	141328	40949	662838.000000000000000	32.908641975308640	2.211493	9863515.78511000052
4781	141329	26668	378453.000000000000000	32.594339622641506	2.725463	4525992.61075999960
4782	141330	3034	45994.000000000000000	26.117647058823529	.7229128	1661687.36959000002
4783	141331	8752	173514.000000000000000	22.000000000000000	1.088051	3508390.55452999985
4784	141332	6277	118774.000000000000000	27.302325581395348	1.210997	2677798.03512000013
4785	141333	20864	281175.000000000000000	27.454081632653061	.8968016	8607702.49379000068
4786	141334	12666	129506.000000000000000	32.880000000000003	3.824635	1113349.98078000010
4787	141335	20593	449455.000000000000000	23.283261802575108	3.514039	2977991.65764999995
4788	141336	16786	308090.000000000000000	26.884259259259260	1.342209	6171002.30719999969
4789	141337	36204	611740.000000000000000	23.452153110047846	1.012972	1.41628952715e+07
4790	141401	22329	300988.000000000000000	31.315789473684209	8.43016	1118089.91904000007
4791	141402	13900	373382.000000000000000	23.042452830188680	2.097554	4101748.32013999997
4792	141403	27693	355660.000000000000000	34.610465116279073	5.355406	2298529.35607000021
4793	141404	12533	528481.000000000000000	26.478599221789882	5.377837	2602056.70640000002
4794	141502	151247	3927048.000000000000000	30.237403100775193	5.602517	2.11947127254e+07
4795	141503	12648	193428.000000000000000	24.581967213114755	.9793788	4854956.11029000022
4796	141504	10911	403408.000000000000000	21.214285714285715	1.554357	5505822.63944000006
4797	141505	43815	1567006.000000000000000	21.337526205450732	2.045119	1.63491887989e+07
4798	141506	22553	376832.000000000000000	24.231404958677686	1.376657	6632857.20557999983
4799	141507	83789	1364182.000000000000000	30.750000000000000	6.228334	6735122.43080999982
4800	141508	25672	1392971.000000000000000	21.783783783783782	1.739812	1.74410631323e+07
4801	141509	56907	1034588.000000000000000	30.659491193737768	6.47462	4899120.34810999967
4802	141510	18649	423109.000000000000000	32.441964285714285	7.052242	1946400.45042999997
4803	141511	24914	552786.000000000000000	25.818181818181817	2.111222	6760034.16839999985
4804	140423	6073	105082.000000000000000	27.189473684210526	.7381199	3870813.29257000005
4805	140533	6615	87290.000000000000000	28.729729729729730	.5971352	4199748.72762999963
4806	140534	5934	63786.000000000000000	21.888888888888889	.16215	8610576.14914000034
4807	141512	28788	464974.000000000000000	24.667870036101082	2.092849	5480527.92812999990
4808	141513	2920	890679.000000000000000	20.349122807017544	.6707209	2.70224726172e+07
4809	140332	4292	4687.000000000000000	23.833333333333332	.0339103	3294184.98953999998
4810	141308	7013	104836.000000000000000	23.840579710144926	.5738488	4355417.66911000013
4811	141315	3293	57883.000000000000000	22.378378378378379	.9518695	1360824.76071000006
4812	141601	127653	14245846.000000000000000	28.814622089241578	4.492578	9.13704080302e+07
4813	141602	2508	5865370.000000000000000	16.198275862068964	.4261416	2.22951403508e+08
4814	140311	26630	414058.000000000000000	24.702064896755161	.6113742	1.67296687057e+07
4815	141501	89771	4463670.000000000000000	21.478681476173414	1.455347	6.58768880846e+07
4816	140535	8118	229760.000000000000000	28.171875000000000	.8630273	7500075.08282999974
4817	140543	10607	226950.000000000000000	26.085889570552148	1.792677	3302431.35112999985
4818	140709	72541	1162714.000000000000000	35.885462555066077	4.561259	9147591.33770000003
4819	141301	69023	1227644.000000000000000	32.200000000000003	2.731651	1.44711531110e+07
4820	141313	8845	111266.000000000000000	26.462686567164180	.3254074	9048342.48502999917
4909	170741	8933	179152.000000000000000	33.402777777777779	1.444061	4143990.40069000004
4910	170742	10467	179415.000000000000000	28.927007299270073	.4764298	1.08933964552e+07
4912	170745	2474	28197.000000000000000	27.266666666666666	.5092828	1509649.01338999998
5059	170641	7631	319853.000000000000000	23.836538461538460	1.827876	4171064.71643000003
5061	170603	16663	252458.000000000000000	33.526011560693640	1.457785	5806007.02780999988
5071	170614	12423	187387.000000000000000	30.480314960629922	.4349107	1.31328464482e+07
5075	170618	26488	375275.000000000000000	31.628158844765341	1.680685	7062153.86801999994
5089	170633	4843	116320.000000000000000	23.676190476190477	.4472934	6157065.45222000033
5102	170646	32366	640137.000000000000000	25.515837104072400	1.06063	1.53999285473e+07
5105	170638	11468	315633.000000000000000	21.250000000000000	3.819463	1756058.60413999995
5113	170706	22467	401033.000000000000000	36.703571428571429	1.551899	9484728.66851999983
5138	170731	3260	42134.000000000000000	27.795454545454547	.2478761	4724673.97001999989
5143	171202	11247	338068.000000000000000	25.530546623794212	1.080487	7988118.44759999961
5144	171211	15740	773852.000000000000000	20.757234726688104	.6609842	2.43016803822e+07
5148	170832	16682	250520.000000000000000	25.270935960591132	.7238595	8745999.14159999974
5149	170819	13244	224509.000000000000000	27.369047619047620	2.585666	2376407.72311000014
5152	170842	11623	65307.000000000000000	27.098901098901099	.1309174	1.35180459760e+07
5154	170830	11953	152562.000000000000000	28.730158730158731	1.124048	3899417.53205000004
5157	170816	23583	327479.000000000000000	30.705627705627705	1.218438	8252734.00693999976
5163	170846	8955	125588.000000000000000	28.179775280898877	.7740974	4571830.14897000045
5164	170843	7157	100081.000000000000000	33.130434782608695	3.152878	1051650.79882999999
5166	170811	9336	228169.000000000000000	26.208588957055216	1.141368	5239318.12502999976
5167	170808	6394	52859.000000000000000	23.620000000000001	.1897317	6580500.91055999976
5168	170854	8862	114081.000000000000000	25.352941176470587	.7067246	4092526.34977999981
5169	170825	6719	100064.000000000000000	26.100000000000001	.6735218	3877633.19505999982
5171	170801	111337	1785842.000000000000000	26.212816455696203	1.442291	3.24566583874e+07
5175	170833	37017	548341.000000000000000	24.676959619952495	.8019562	1.68729773685e+07
5176	170827	11125	170929.000000000000000	25.430894308943088	.8158251	5328197.40684000030
5177	170805	24187	339574.000000000000000	23.785977859778598	.3523917	2.29207977097e+07
5178	170812	8591	137647.000000000000000	29.104838709677420	1.645971	2433938.73554999987
5181	170826	32135	519190.000000000000000	28.232608695652175	.9563894	1.53264852572e+07
5182	170838	15494	173989.000000000000000	27.551136363636363	.605715	7913943.74442000035
5188	170803	12365	208554.000000000000000	25.694300518134714	.6613093	8103090.77242999990
5191	170855	10305	182266.000000000000000	28.050000000000001	.7090516	7210422.17869000044
5192	170815	35558	656064.000000000000000	25.151571164510166	1.088582	1.51582826168e+07
5193	170817	14749	214450.000000000000000	25.731707317073170	.4315579	1.27866138342e+07
5197	170851	9738	192898.000000000000000	26.707692307692309	.7417277	6945757.40352000017
5199	170840	7794	119397.000000000000000	30.410256410256409	1.039401	3493254.53819999984
5205	10101	5581	49402.000000000000000	30.192307692307693	2.993249	498308.11689800001
5206	10102	1254	119816.000000000000000	31.416666666666668	5.399458	697147.55885300005
5207	10103	27126	606903.000000000000000	27.815709969788518	5.496311	3071412.24159999983
5208	10104	21205	3984772.000000000000000	26.284169124877089	3.926911	2.66714547109e+07
5209	10105	16874	272012.000000000000000	35.839694656488547	6.80133	1433370.70653999993
5210	10201	98831	680615.000000000000000	38.605769230769234	9.795946	2682299.99770000018
5211	10202	13328	150395.000000000000000	32.550724637681157	8.119637	602916.85195399995
5212	10203	106302	1916768.000000000000000	32.060696517412936	6.69897	9173487.79755000025
5213	10204	134258	1661524.000000000000000	40.949250288350633	6.076464	1.11969984373e+07
5214	10205	44775	536906.000000000000000	53.865546218487395	14.26604	2027243.93241999997
5215	10206	15384	1179775.000000000000000	21.525946704067323	2.07185	1.22575344389e+07
5216	10207	73561	3425145.000000000000000	24.475900277008311	4.077879	2.05581131232e+07
5217	10208	34800	1891488.000000000000000	32.613537117903931	5.098591	1.20990507804e+07
5218	10301	11799	213341.000000000000000	33.148760330578511	3.275042	2159358.20955999987
5219	10302	106985	800484.000000000000000	36.939632545931758	8.381891	3527794.06125999987
5220	10303	132179	1562121.000000000000000	38.254629629629626	6.265661	9537439.12244999968
5221	10304	19069	1350167.000000000000000	31.015673981191224	5.448691	7685578.05076000001
5222	10401	44857	1505521.000000000000000	30.383886255924171	.7112068	6.43182538390e+07
5223	10402	9628	715180.000000000000000	25.285407725321889	2.146348	8425294.03660999984
5224	10403	39089	857061.000000000000000	31.045762711864406	1.541619	1.72598546227e+07
5225	10501	22308	198325.000000000000000	38.041237113402062	8.919105	845884.06016999995
5226	10502	110072	79467.000000000000000	37.645833333333336	5.568201	537265.40193599998
5227	10503	53131	399136.000000000000000	39.023041474654377	6.842456	2276302.66281000013
5228	10504	7063	272895.000000000000000	34.426829268292686	3.897353	2410587.12697000010
5229	10505	9677	457400.000000000000000	33.818532818532816	6.650342	2325985.24325999990
5230	10506	28187	1180029.000000000000000	36.520515826494723	.3356062	1.28410203166e+08
5231	10601	7393	279378.000000000000000	42.692307692307693	6.102304	1954555.50570000010
5232	10602	2607	54418.000000000000000	50.240000000000002	12.86553	212502.79107100001
5233	10603	26897	381536.000000000000000	42.502347417840376	7.249054	2237005.56413999991
5234	10604	25177	894172.000000000000000	48.449704142011832	9.446279	4586183.61115000024
5235	10605	26501	266473.000000000000000	49.717241379310344	10.54907	1255874.33355000010
5236	10701	287224	1293060.000000000000000	43.570715474209649	10.84716	5193943.01310999971
5237	10702	117809	438416.000000000000000	47.059405940594061	11.8438	1741974.78802999994
5238	10703	90410	2919884.000000000000000	45.567982456140349	5.418262	2.45564392502e+07
5239	10801	183434	705355.000000000000000	44.702194357366771	11.38702	2769021.87547999993
5240	10802	151132	763647.000000000000000	39.267499999999998	7.546797	3973408.85974000022
5241	10803	191072	405902.000000000000000	50.157608695652172	12.88631	1579899.31082000001
5242	10901	21636	162737.000000000000000	35.068493150684930	8.959022	637004.99393500003
5243	10902	27941	391111.000000000000000	38.816831683168317	8.534602	1778839.72650999995
5244	10903	11731	110437.000000000000000	42.403846153846153	10.44854	448192.32964000001
5245	10904	8299	110885.000000000000000	35.431034482758619	7.728957	508318.30417000002
5246	10905	27950	587633.000000000000000	32.533762057877816	6.872531	2781786.15988999978
5247	10906	11380	140686.000000000000000	40.611764705882351	7.453632	766539.92772499996
5248	10907	8593	85834.000000000000000	41.282051282051285	10.55249	335788.51736499998
5249	10908	19669	105808.000000000000000	42.231884057971016	7.051539	633687.35588699998
5250	10909	15297	262874.000000000000000	42.411392405063289	6.392076	1744167.64002000005
5251	10910	30593	529947.000000000000000	32.055970149253731	7.300244	2327040.72825000016
5252	10911	6671	129065.000000000000000	38.564516129032256	9.422835	528219.91045900004
5253	10912	60553	443162.000000000000000	42.448780487804875	10.55395	1782431.67044000002
5254	11001	11629	129909.000000000000000	46.350000000000001	11.3415	530906.97360000003
5255	11002	12592	54417.000000000000000	42.846153846153847	10.1728	229195.50545000000
5256	11003	15152	62575.000000000000000	48.419354838709680	11.04217	274388.27676899999
5257	11004	4652	35849.000000000000000	49.117647058823529	13.08486	134569.11417300001
5258	11005	6744	28973.000000000000000	52.357142857142854	11.66945	129992.66736900000
5259	11006	8426	68230.000000000000000	48.878787878787875	12.13513	274821.98940800002
5276	11007	5642	37264.000000000000000	44.166666666666664	10.08571	163184.00823199999
5277	11008	6939	134717.000000000000000	45.951612903225808	11.43142	541530.51612499997
5278	11009	11620	48701.000000000000000	46.391304347826086	10.41153	216999.99370399999
5279	11010	10182	168579.000000000000000	37.787500000000001	9.175788	694237.83702900005
5280	11011	5770	65145.000000000000000	55.333333333333336	13.20954	272885.33589400002
5281	11012	10525	96048.000000000000000	51.651162790697676	13.43981	369126.57376100001
5282	11013	12142	175256.000000000000000	36.548780487804876	9.068846	706307.42248600000
5283	11014	6345	39829.000000000000000	41.250000000000000	9.078876	180963.62799199999
5284	11015	7918	42660.000000000000000	41.619047619047620	10.69453	166016.48760900000
5285	11101	11851	284393.000000000000000	34.372093023255815	5.041991	1938754.57814999996
5286	11102	7567	847976.000000000000000	24.074358974358976	5.862751	3482064.67409999995
5287	11103	4579	30452.000000000000000	44.461538461538460	11.6398	116320.05987400000
5288	11104	29871	948944.000000000000000	32.108510638297872	7.426544	4102739.94201999996
5289	11105	2876	123279.000000000000000	34.126984126984127	5.76101	730278.26773099997
5290	11106	16783	128879.000000000000000	45.500000000000000	11.92082	491912.17869999999
5291	11107	2640	20043.000000000000000	47.600000000000001	11.06201	86245.37504970000
5292	11108	4483	23772.000000000000000	45.909090909090907	11.63027	93837.15055340000
5293	11109	2168	14905.000000000000000	49.285714285714285	11.69925	62790.67084870000
5294	11110	7076	57823.000000000000000	36.884615384615387	9.816942	217254.93636200001
5295	11111	5165	48825.000000000000000	41.772727272727273	11.16267	182711.91869699999
5296	11112	4031	29104.000000000000000	40.615384615384613	9.959653	118685.87856500001
5297	11113	4698	94177.000000000000000	27.812500000000000	6.330357	413767.81022200000
5298	11114	1447	199919.000000000000000	28.476635514018692	6.030211	944083.12591599999
5299	11201	19426	731625.000000000000000	39.853608247422677	3.437443	8482436.91575999931
5300	11202	24202	665789.000000000000000	45.436090225563909	6.381094	4740699.91562999971
5301	11203	9903	178590.000000000000000	47.846846846846844	5.425648	1574921.27738000010
5302	11204	19743	578509.000000000000000	42.729999999999997	3.420496	7226931.82718999963
5303	11205	15361	108633.000000000000000	48.000000000000000	8.6257	604517.22835200001
5304	11206	15188	176096.000000000000000	46.959183673469390	7.633726	1083261.85517000011
5305	11207	47943	1260159.000000000000000	39.742099898063202	2.561089	1.95547125012e+07
5306	11208	19389	70537.000000000000000	54.289473684210527	2.389746	1602436.29652999993
5307	11209	39191	371461.000000000000000	42.663212435233163	8.08581	1959942.13324000011
5308	11210	13792	120648.000000000000000	34.145161290322584	7.482704	550542.37054100004
5309	11301	13735	156946.000000000000000	47.476190476190474	9.139485	815275.42797099997
5310	11302	42313	161831.000000000000000	46.921052631578945	11.41507	665197.81898900005
5311	11303	76658	287882.000000000000000	37.393939393939391	9.259744	1162563.77685000002
5312	11304	3314	334391.000000000000000	27.430303030303030	6.404021	1432294.76527999993
5313	11306	4916	114420.000000000000000	33.872727272727275	8.434171	459525.59865000000
5314	11307	51844	219644.000000000000000	38.694214876033058	6.486132	1310326.83223999990
5315	11308	65225	641031.000000000000000	39.647798742138363	9.073906	2800940.29416000005
5316	11401	4551	29682.000000000000000	51.538461538461540	13.47277	113544.88031199999
5317	11402	5837	32253.000000000000000	46.333333333333336	11.02432	135553.83848000001
5318	11403	2757	15097.000000000000000	45.142857142857146	10.7113	63626.40095090000
5319	11404	6642	32702.000000000000000	45.533333333333331	10.0103	148749.91820900000
5320	11405	6652	46768.000000000000000	46.363636363636367	11.52175	188194.87795500000
5321	11406	2994	26211.000000000000000	42.923076923076920	9.786158	114964.09387899999
5322	11407	2958	25377.000000000000000	46.750000000000000	11.80081	100533.32434300000
5323	11408	5419	32123.000000000000000	42.933333333333330	10.6299	129742.30096199999
5324	11409	3052	128411.000000000000000	33.011111111111113	5.153746	822506.50959899998
5325	11410	2290	42467.000000000000000	45.736842105263158	11.67078	166424.67078099999
5326	11411	2970	32057.000000000000000	45.799999999999997	13.10075	112070.77271900000
5327	11412	3111	55701.000000000000000	43.153846153846153	10.58878	227005.65691699999
5328	11413	4145	22872.000000000000000	42.833333333333336	10.03203	97655.63415950000
5329	11414	5111	29553.000000000000000	53.642857142857146	15.1288	104787.41592299999
5330	11501	1476	19146.000000000000000	47.555555555555557	13.19769	68989.24513310000
5331	11502	1787	13554.000000000000000	46.166666666666664	13.56566	46126.99340280000
5332	11503	2391	16255.000000000000000	43.571428571428569	9.305277	76113.11214560000
5333	11504	1486	22162.000000000000000	50.636363636363633	8.917014	125849.64494200000
5334	11505	1371	15868.000000000000000	54.714285714285715	16.2454	53443.19396090000
5335	11506	2737	42402.000000000000000	46.842105263157897	12.29374	161561.78128100000
5336	11507	2337	18247.000000000000000	47.500000000000000	14.68676	59014.56749330000
5337	11508	412	53966.000000000000000	43.535714285714285	9.89268	237493.62117599999
5338	11509	1183	11563.000000000000000	49.799999999999997	13.86849	41521.28088440000
5339	11510	1482	53839.000000000000000	41.399999999999999	10.50908	212096.04132900000
5340	11601	3321	94182.000000000000000	42.487804878048777	11.37079	351917.97213800001
5341	11602	4073	44460.000000000000000	47.736842105263158	13.78511	153961.77436099999
5342	11603	1993	71376.000000000000000	50.666666666666664	13.91794	259836.12195299999
5343	11604	3621	36363.000000000000000	55.529411764705884	12.5699	160639.00836700000
5344	11605	8903	48504.000000000000000	53.409090909090907	15.45985	167566.61477099999
5345	11606	3515	27302.000000000000000	44.923076923076920	10.15054	120829.98267500001
5346	11607	785	87372.000000000000000	57.743589743589745	16.17514	311909.10619000002
5347	11608	2706	114616.000000000000000	55.418604651162788	16.56507	383448.83727199998
5348	11609	4398	27881.000000000000000	52.857142857142854	11.71088	125841.06021100000
5349	11610	7006	45099.000000000000000	51.523809523809526	12.93429	179652.06293700001
5350	11701	1026	100859.000000000000000	41.638297872340424	10.03727	418400.44311100000
5351	11702	5217	160806.000000000000000	52.030303030303031	14.58871	573511.11512300000
5352	11703	593	88910.000000000000000	45.243902439024389	11.63441	345753.33002699999
5353	11704	3727	119176.000000000000000	50.454545454545453	15.92454	377591.57686799997
5354	11801	5513	149684.000000000000000	44.384615384615387	9.77047	679974.14417099999
5355	11802	2992	89294.000000000000000	42.527272727272724	7.701423	493081.66392399999
5356	11803	1392	386499.000000000000000	38.141891891891895	4.357214	3383309.13427999988
5357	11804	5049	116205.000000000000000	46.341463414634148	3.945632	1364828.02126999991
5358	11901	161	27304.000000000000000	39.312500000000000	8.085938	132747.55874199999
5359	11902	1796	26985.000000000000000	49.375000000000000	17.86955	74561.73517660001
5360	11903	527	47863.000000000000000	44.684210526315788	11.98923	178386.78022499999
5361	11904	2124	22485.000000000000000	40.000000000000000	10.78942	83359.46692830000
5362	11905	2285	26342.000000000000000	38.666666666666664	12.61174	80762.65653760001
5363	11906	415	25312.000000000000000	46.000000000000000	13.26488	87777.05981960001
5364	11907	5153	154061.000000000000000	39.457142857142856	10.01806	606784.78506599995
5365	11908	2694	35658.000000000000000	47.200000000000003	20.05619	83917.11990410001
5366	11909	7420	55893.000000000000000	39.280000000000001	10.2768	213634.31679899999
5367	11910	2187	12400.000000000000000	43.333333333333336	8.506151	63169.96910970000
5368	11911	6067	46194.000000000000000	37.181818181818180	18.00059	95417.82239520000
5369	11912	2703	43369.000000000000000	48.454545454545453	21.04787	99840.27756639999
5370	11913	1315	46194.000000000000000	54.785714285714285	21.10903	119890.43572199999
5371	11914	4482	76646.000000000000000	47.200000000000003	11.54804	313273.15804600000
5372	11915	1708	8930.000000000000000	51.000000000000000	10.95302	41580.29530210000
5373	11916	1671	46320.000000000000000	42.299999999999997	11.55615	169549.15720399999
5374	11917	2482	88142.000000000000000	46.166666666666664	10.74548	378691.62530199997
5375	11918	2620	47860.000000000000000	42.520000000000003	9.432054	215754.42052300001
5376	11919	337	15998.000000000000000	46.571428571428569	12.40107	60079.46524090000
5377	12001	837	67265.000000000000000	52.466666666666669	13.91332	253654.15864700000
5378	12002	953	38999.000000000000000	53.250000000000000	19.22117	108042.15741299999
5379	12003	4113	40542.000000000000000	51.666666666666664	13.85309	151205.93191399999
5380	12004	2833	130293.000000000000000	47.114754098360656	11.92456	514796.62542800000
5381	12005	4039	86286.000000000000000	53.846153846153847	22.03149	210887.63825200000
5382	12006	3439	39833.000000000000000	46.222222222222221	11.95992	153944.92617399999
5383	12008	1522	15227.000000000000000	46.571428571428569	9.64917	73492.65703750000
5384	12101	839	12978.000000000000000	53.000000000000000	11.99941	57322.33607410000
5385	12102	4114	19338.000000000000000	42.000000000000000	11.4978	70639.24012560000
5386	12103	7445	39705.000000000000000	53.294117647058826	15.1948	139260.96174000000
5387	12104	4637	38546.000000000000000	61.166666666666664	15.51679	151947.08091700001
5388	12105	7104	45485.000000000000000	56.909090909090907	13.50518	191667.94556699999
5389	12106	2357	26404.000000000000000	58.000000000000000	16.63018	92087.52774880000
5390	12107	7632	34177.000000000000000	50.187500000000000	11.78861	145501.35560499999
5391	12108	3368	29746.000000000000000	47.428571428571431	11.634	121266.10867500000
5392	12109	4288	33410.000000000000000	49.333333333333336	11.02432	149508.27613899999
5393	12110	1196	18758.000000000000000	47.666666666666664	12.80157	69845.41743610000
5394	12111	3693	19917.000000000000000	47.666666666666664	12.94119	73360.88984040001
5395	12201	367	11113.000000000000000	55.000000000000000	9.073991	67359.00293740000
5396	12202	534	101124.000000000000000	27.595744680851062	7.180558	388631.66074999998
5397	12203	3312	31930.000000000000000	43.200000000000003	12.50428	110312.31497199999
5398	12204	234	13362.000000000000000	50.000000000000000	10.23821	65255.53656150000
5399	12206	4716	51331.000000000000000	29.391304347826086	8.192473	184155.00518800001
5400	12207	3779	60064.000000000000000	41.969696969696969	9.402515	268105.67639400001
5401	12208	4391	59618.000000000000000	50.370370370370374	13.8633	216613.64138300001
5402	12209	2792	22614.000000000000000	42.700000000000003	11.72811	82333.59271470000
5403	12210	2727	23194.000000000000000	39.100000000000001	9.602134	94446.24130389999
5404	12212	5937	124951.000000000000000	39.044776119402982	8.046092	606342.07105899998
5405	12213	1800	24220.000000000000000	44.727272727272727	8.669635	124952.73051600000
5406	12214	339	10664.000000000000000	50.399999999999999	10.91259	49251.90491940000
5407	12215	477	30773.000000000000000	50.071428571428569	14.36445	107268.15301200000
5408	12216	785	31351.000000000000000	49.333333333333336	12.04939	128359.18920500000
5409	12217	3559	23193.000000000000000	48.399999999999999	12.95856	86625.48326650000
5410	12301	4792	20623.000000000000000	60.100000000000001	14.07336	88070.08041280000
5411	12302	10803	249469.000000000000000	44.957264957264954	10.737	1044560.26320000004
5412	12303	16239	93992.000000000000000	58.390243902439025	14.93357	367508.65538900002
5413	12304	10234	80947.000000000000000	49.324324324324323	12.57225	317576.83072999999
5414	12305	13517	99061.000000000000000	56.719999999999999	12.77412	439853.45218600001
5415	12306	16285	104013.000000000000000	59.700000000000003	14.76055	420687.36435599998
5416	12401	3503	116021.000000000000000	50.683333333333330	11.22561	523831.83639200003
5417	12402	4797	542584.000000000000000	39.897959183673471	8.465866	2557091.60792999994
5418	12403	10513	472708.000000000000000	45.508547008547012	10.68447	2013413.63816000009
5419	12404	7424	52426.000000000000000	50.884615384615387	12.03766	221610.98516700001
5420	12405	3512	24671.000000000000000	61.090909090909093	13.65226	110397.41105800000
5421	12406	10170	53195.000000000000000	49.958333333333336	12.53447	212018.10006200001
5422	12407	4857	27048.000000000000000	49.750000000000000	13.67386	98409.50046640000
5423	12408	4228	23065.000000000000000	46.100000000000001	11.61814	91520.37508760000
5424	12409	5758	55826.000000000000000	51.607142857142854	11.97833	240519.29642999999
5425	12410	10911	61227.000000000000000	47.592592592592595	12.37432	235483.79062200000
5426	12411	4732	52036.000000000000000	63.000000000000000	15.07353	217485.07587900001
5427	12412	8887	52619.000000000000000	59.416666666666664	15.3053	204272.14519000001
5428	12501	44273	255372.000000000000000	51.050420168067227	12.57271	1036916.45626000001
5429	12502	14697	87183.000000000000000	52.024999999999999	12.73121	356265.90117400000
5430	12503	9223	101572.000000000000000	54.659574468085104	13.89092	399677.14702700003
5431	12504	18810	109923.000000000000000	50.816326530612244	13.01609	429152.11824300000
5432	12505	4019	15420.000000000000000	52.142857142857146	13.7474	58486.91596860000
5433	12506	91279	387268.000000000000000	47.537572254335259	12.44082	1479788.33703000005
5434	12507	111368	282685.000000000000000	43.634920634920633	11.06964	1114303.75933000003
5435	12508	22403	110500.000000000000000	55.333333333333336	13.86625	440950.70267899998
5436	12601	19005	201481.000000000000000	48.436170212765958	12.07181	808409.83767100004
5437	12602	85918	297850.000000000000000	42.484848484848484	10.92314	1158468.33816999989
5438	12603	40024	468480.000000000000000	32.560386473429951	8.506733	1793154.89969999995
5439	12604	42254	288147.000000000000000	44.101562500000000	11.25156	1129419.58645999990
5440	12701	23255	159009.000000000000000	46.780821917808218	11.60906	640755.61887100001
5441	12702	10728	81718.000000000000000	45.307692307692307	10.69991	346026.69873499998
5442	12703	36065	134987.000000000000000	42.475409836065573	11.3585	504787.52353599999
5443	12704	6647	47219.000000000000000	51.714285714285715	13.04887	187134.73082500001
5444	12801	16625	100609.000000000000000	45.913043478260867	11.15392	414138.45501699997
5445	12802	19574	121617.000000000000000	48.200000000000003	12.33064	475396.36769699998
5446	12803	15365	101890.000000000000000	46.934782608695649	12.17624	392747.11103099998
5447	12804	39409	268025.000000000000000	39.058823529411768	7.419653	1410947.44451999990
5448	12805	35436	154770.000000000000000	45.285714285714285	11.55042	606806.71468500001
5449	12806	19223	169095.000000000000000	46.810126582278478	11.62198	681067.83371300006
5450	12901	32635	171596.000000000000000	47.456521739130437	8.971327	907708.47888900002
5451	12902	43787	243941.000000000000000	49.990909090909092	13.06735	933228.92590300005
5452	12903	20963	121683.000000000000000	43.490566037735846	12.14413	435771.12076000002
5453	12904	62162	436789.000000000000000	40.580357142857146	7.46393	2374761.38620000007
5454	12905	19024	134781.000000000000000	45.888888888888886	11.08601	557906.09993100003
5455	12906	51315	228329.000000000000000	48.747572815533978	12.44186	894599.35335600004
5456	12907	86535	535025.000000000000000	44.824427480916029	10.67739	2246071.96488999994
5457	13001	282989	1163675.000000000000000	41.893656716417908	10.50605	4640241.40386999957
5458	13002	35181	433965.000000000000000	38.662162162162161	8.483571	1977707.94010000001
5459	13101	21700	164148.000000000000000	41.229729729729726	10.49222	645027.93073200004
5460	13102	33248	103951.000000000000000	36.630434782608695	10.12365	376126.34343900002
5461	13103	8546	112881.000000000000000	32.740000000000002	8.781399	420858.23874399997
5462	13104	23999	98681.000000000000000	38.555555555555557	9.29025	409536.97197499999
5463	13105	17498	69961.000000000000000	36.647058823529413	9.037194	283701.43849999999
5464	13106	11836	112560.000000000000000	35.196078431372548	9.093587	435655.41767200001
5465	13107	16515	262960.000000000000000	42.966386554621849	10.89359	1037164.59539000003
5466	13108	19212	359900.000000000000000	50.958823529411767	12.38906	1480344.95026999991
5467	13201	43867	231925.000000000000000	57.644859813084111	14.39368	928830.27529200003
5468	13202	35891	493890.000000000000000	45.068592057761734	9.335587	2384309.46419999981
5469	13203	43328	290835.000000000000000	62.604316546762590	14.9924	1214450.22836000007
5470	13204	51090	368003.000000000000000	52.306748466257666	13.73668	1401287.61037999997
5471	13301	206947	827685.000000000000000	38.135135135135137	9.795797	3222185.90927999979
5472	13302	14487	79727.000000000000000	29.971428571428572	7.772853	307420.21089900000
5473	13303	86971	276964.000000000000000	43.586776859504134	11.47635	1051899.71989999991
5474	13304	16361	77738.000000000000000	44.558823529411768	11.69639	296152.29731699999
5475	13305	29089	149435.000000000000000	57.784615384615385	15.39396	560937.20208700001
5476	13306	79397	230834.000000000000000	45.564356435643568	11.60535	906288.77505099995
5477	13307	25995	315577.000000000000000	31.169014084507044	8.019379	1226556.93472000002
5478	13308	60375	195182.000000000000000	52.372093023255815	13.47509	758591.63844100002
5479	13309	82863	273813.000000000000000	48.950413223140494	12.50193	1072095.38037999999
5480	13402	27419	199874.000000000000000	64.420454545454547	16.97677	758446.79393100005
5481	13401	206210	778707.000000000000000	49.638586956521742	12.1944	3169808.41000000015
5482	13403	18366	181490.000000000000000	44.576470588235296	11.00691	735009.40757100005
5483	13404	207248	714286.000000000000000	50.334375000000001	12.8569	2796407.68190000020
5484	13405	138591	577960.000000000000000	57.360784313725489	14.93677	2219505.48167000012
5485	13406	16557	337725.000000000000000	40.143678160919542	8.941177	1516301.90755999996
5486	13501	324322	1827463.000000000000000	41.031322505800468	9.570608	7834739.45411000028
5487	13502	149529	638284.000000000000000	45.115384615384613	11.53026	2497465.56581000006
5488	13503	55191	683708.000000000000000	37.218649517684888	9.417216	2702145.49501999980
5489	13504	119923	592927.000000000000000	55.701886792452832	14.36151	2299699.55291000009
5490	13505	38625	559134.000000000000000	37.433070866141733	9.659595	2166768.19849999994
5491	13506	38141	1162134.000000000000000	32.842105263157897	7.854078	4859504.21650000010
5492	13507	72915	419012.000000000000000	43.354838709677416	11.31186	1605942.78750000009
5493	13601	143563	1947698.000000000000000	33.847959183673467	7.19706	9160073.83720999956
5494	13602	88820	1386361.000000000000000	39.621664050235481	9.909753	5543016.99120999966
5495	13603	248338	3473154.000000000000000	42.345597104945718	10.18195	1.44444618871e+07
5496	13701	16927	367919.000000000000000	31.362162162162161	7.342114	1571582.18540999992
5497	13702	40392	763716.000000000000000	27.964200477326969	5.139866	4155109.27424999978
5498	13703	20053	1427937.000000000000000	26.064085447263018	5.28482	7042410.67167999968
5499	13704	42434	658574.000000000000000	30.971246006389777	6.225017	3276594.85276000015
5500	13705	33966	281013.000000000000000	41.280000000000001	10.57094	1097368.87370000011
5501	13801	47570	645004.000000000000000	59.265432098765430	13.69136	2792011.54248999991
5502	13802	45724	1307455.000000000000000	34.738775510204079	6.836943	6643229.99897999968
5503	13803	77465	1816933.000000000000000	41.239711934156375	8.762115	8551565.57021999918
5504	13804	60482	6499892.000000000000000	26.053435114503817	2.333301	7.25772233959e+07
5505	13901	34616	412192.000000000000000	59.284263959390863	14.23736	1716364.64216999989
5506	13902	33163	898381.000000000000000	46.995444191343964	11.07353	3812680.41862000013
5507	13903	17923	535387.000000000000000	52.429553264604813	11.15929	2515401.11322000017
5508	13904	48414	943538.000000000000000	45.972972972972975	10.34092	4194717.78239999991
5509	14001	10259	94764.000000000000000	44.688888888888890	10.88138	389187.67965300003
5510	14002	3422	130161.000000000000000	44.218750000000000	10.65674	540086.09902199998
5511	14003	30817	1048784.000000000000000	40.361277445109778	9.735119	4348201.88826000039
5512	14004	16210	427209.000000000000000	34.348547717842322	6.945401	2112766.18618000019
5513	14005	13098	444058.000000000000000	41.903669724770644	9.808739	1897049.26637000008
5514	14006	9201	266301.000000000000000	42.233870967741936	10.48978	1072179.26977999997
5515	14007	57020	1343702.000000000000000	34.686549707602339	2.324084	2.00545221523e+07
5516	14008	26249	541424.000000000000000	57.561403508771932	12.64097	2465405.67462999979
5517	14009	80313	996851.000000000000000	53.680722891566262	12.39384	4317604.29818999954
5518	14010	45771	547614.000000000000000	57.052044609665430	13.45711	2321634.34531999985
5519	14011	17970	1598436.000000000000000	27.520333680917624	3.877906	1.13436199867e+07
5520	14012	14699	306495.000000000000000	49.036144578313255	10.33152	1454707.33853000007
5521	14013	21924	232437.000000000000000	58.890909090909091	14.38982	951257.78710099997
5522	14014	1316	37192.000000000000000	49.555555555555557	7.804931	236141.77862600001
5523	14015	31540	649168.000000000000000	42.853932584269664	8.624175	3225746.32527999999
5524	14016	165785	2358920.000000000000000	28.209756097560977	3.589874	1.85367412916e+07
5525	14017	14492	685847.000000000000000	32.759562841530055	6.975436	3221024.27306000004
5526	14018	2710	142234.000000000000000	52.520547945205479	11.77124	634615.12258600001
5527	14019	72022	1100770.000000000000000	40.384969325153371	3.324279	1.33726928048e+07
5528	14101	5435	137931.000000000000000	64.068493150684930	13.62682	648502.89716399997
5529	14102	9138	234298.000000000000000	43.210084033613448	10.12189	1000212.31980000006
5530	14103	15734	967055.000000000000000	39.569037656903767	9.149965	4182030.58229999989
5531	14104	6657	597590.000000000000000	36.742474916387962	8.419908	2607740.79463999998
5532	14106	32390	687024.000000000000000	36.242603550295861	8.46648	2940955.03347000014
5533	14107	2828	2035689.000000000000000	30.001915708812259	6.608768	9241446.49818000011
5534	14201	36830	4446542.000000000000000	38.923233143785538	7.688301	2.25113194452e+07
5535	14202	15175	4093503.000000000000000	36.948339483394832	7.794703	1.94039625816e+07
5536	14203	83378	8510102.000000000000000	36.336436458107812	7.178081	4.30793094772e+07
5537	14204	451	666605.000000000000000	21.083150984682714	.3157572	4.45092989657e+07
5538	14301	63730	4318805.000000000000000	30.620689655172413	3.291897	4.01728200992e+07
5539	14302	24010	3464657.000000000000000	29.210123351765205	.5264684	1.92230076794e+08
5540	14303	2928	3286395.000000000000000	28.928053541550476	5.605418	1.69602000658e+07
5541	14401	24074	747172.000000000000000	29.659751037344400	2.113898	1.04834461238e+07
5542	14402	46421	1010594.000000000000000	33.281081081081084	5.061483	6645020.69027999975
5543	14404	59	93498.000000000000000	24.473282442748090	.0820438	2.78900286023e+07
5544	14405	330	244795.000000000000000	26.504901960784313	.1850366	3.50647725053e+07
5545	14502	73894	9912686.000000000000000	33.576909476661953	5.270653	6.31491689701e+07
5546	14601	457	394222.000000000000000	20.068493150684933	.3076363	2.57168640473e+07
5547	14602	7987	816218.000000000000000	25.394977168949772	3.463561	5984546.15684000030
5548	14603	7089	639217.000000000000000	16.219616204690830	.2001837	5.17917129434e+07
5549	14604	11216	761537.000000000000000	24.792540792540791	2.534205	7450240.43926000036
5550	14605	1290	16250.000000000000000	26.000000000000000	.0431223	9797708.48554000072
5551	14608	3032	734561.000000000000000	23.440545808966860	.1850567	9.30445169939e+07
5552	14501	13391	3156266.000000000000000	18.650841605524384	.8762532	6.71803711021e+07
5558	211309	48227	1088364.000000000000000	25.531055900621119	2.915699	9530160.81271000020
5641	12007	2027	165244.000000000000000	57.534482758620690	18.57856	511731.14839200000
5769	12205	447	13685.000000000000000	46.500000000000000	11.26978	56465.38401290000
5770	12211	172	17604.000000000000000	52.750000000000000	12.04084	77121.78907580000
5771	14606	228	549976.000000000000000	18.841423948220065	1.071447	9671339.20315999910
5775	11305	367	173064.000000000000000	24.290322580645160	5.282029	795864.68983299995
5776	14403	1	255926.000000000000000	24.405714285714286	.4082664	1.52989723674e+07
5819	211240	1366	23186.000000000000000	29.774193548387096	.5701863	1210734.92446999997
5820	211237	4925	80671.000000000000000	24.410256410256409	.958297	2054895.20467999997
5821	14105	1	566495.000000000000000	36.699669966996701	7.970288	2608460.39739000006
5822	14607	1	1322758.000000000000000	23.410764872521245	1.477853	2.09538920470e+07
5867	14503	1	3771279.000000000000000	16.870400000000000	.5899158	1.07850957945e+08
5895	19999	1	323977.000000000000000	17.107638888888889	.0031172	1.77800797948e+09
